name,price,type,efficiency,wattage,modular
Corsair RM750e (2023),99.99,ATX,gold,750,Full
Corsair RM850x (2021),149.99,ATX,gold,850,Full
Corsair RM1000x (2021),169.99,ATX,gold,1000,Full
Thermaltake Toughpower GX2,66.98,ATX,gold,600,False
Corsair RM750x (2021),119.99,ATX,gold,750,Full
Corsair RM850,139.99,ATX,gold,850,Full
Thermaltake Smart,39.99,ATX,plus,500,False
Corsair SF750,163.49,SFX,platinum,750,Full
Corsair RM850e (2023),119.99,ATX,gold,850,Full
Corsair CX650M (2021),79.98,ATX,bronze,650,Semi
Corsair HX1200 Platinum,346.99,ATX,platinum,1200,Full
Corsair CX750M (2021),89.95,ATX,bronze,750,Semi
Corsair RM1000e (2023),159.99,ATX,gold,1000,Full
Gigabyte UD750GM,90.98,ATX,gold,750,Full
Corsair RM650x (2021),109.99,ATX,gold,650,Full
Cooler Master V850 SFX GOLD,135.99,SFX,gold,850,Full
Corsair RM750,115.99,ATX,gold,750,Full
Corsair AX1600i,549.99,ATX,titanium,1600,Full
NZXT C850 (2022),138.99,ATX,gold,850,Full
MSI A1000G PCIE5,199.99,ATX,gold,1000,Full
EVGA 600 W1,62.98,ATX,plus,600,False
Thermaltake Smart,47.98,ATX,plus,600,False
MSI MPG A850G PCIE5,139.99,ATX,gold,850,Full
EVGA SuperNOVA 1000 GT,169.99,ATX,gold,1000,Full
EVGA 500 BR,84.88,ATX,bronze,500,False
Thermaltake Toughpower GF1 PE,136.99,ATX,gold,850,Full
EVGA SuperNOVA 850 GT,129.99,ATX,gold,850,Full
Thermaltake Toughpower Grand RGB,112.99,ATX,gold,650,Full
Thermaltake Smart,54.95,ATX,plus,700,False
Thermaltake Smart,33.99,ATX,plus,430,False
EVGA SuperNOVA 750 GT,119.99,ATX,gold,750,Full
EVGA 700 GD,79.98,ATX,gold,700,False
EVGA 600 GD,79.98,ATX,gold,600,False
SeaSonic S12III,69.0,ATX,bronze,650,False
Asus ROG THOR 1600T Gaming,665.99,ATX,titanium,1600,Full
Lian Li SP,114.99,SFX,gold,750,Full
Apevia Prestige,51.99,ATX,gold,600,False
Corsair SF1000L,179.99,SFX,gold,1000,Full
Cooler Master MWE Gold 850 - V2,119.99,ATX,gold,850,Full
MSI MPG A650GF,106.99,ATX,gold,650,Full
SeaSonic FOCUS Plus 650 Gold,129.99,ATX,gold,650,Full
EVGA 500 W1,53.59,ATX,plus,500,False
MSI MPG A750GF,129.99,ATX,gold,750,Full
SeaSonic FOCUS PLUS 850 Gold,159.99,ATX,gold,850,Full
NZXT C750 (2022),129.99,ATX,gold,750,Full
Gigabyte UD850GM,109.99,ATX,gold,850,Full
Corsair HX1500i (2022),349.99,ATX,platinum,1500,Full
EVGA SuperNOVA 750 GM,149.0,SFX,gold,750,Full
EVGA 700 BR,79.98,ATX,bronze,700,False
Corsair RM750e (2022),180.29,ATX,gold,750,Full
Gigabyte UD1000GM,134.99,ATX,gold,1000,Full
Cooler Master MWE GOLD 750 V2 FULL MODULAR,171.0,ATX,gold,750,Full
Asus TUF Gaming 1000G,169.99,ATX,gold,1000,Full
EVGA SuperNOVA 650 GT,99.99,ATX,gold,650,Full
Cooler Master V550 V2,125.99,ATX,gold,550,Full
SeaSonic PRIME TX-1000,338.98,ATX,titanium,1000,Full
be quiet! Straight Power 11,209.9,ATX,platinum,1000,Full
Lian Li SP850,144.65,SFX,gold,850,Full
Asus ROG STRIX G,199.99,ATX,gold,1000,Full
MSI MEG Ai1300P PCIE5,329.99,ATX,platinum,1300,Full
Cooler Master MasterWatt,99.99,ATX,bronze,750,Semi
Corsair HX1000 Platinum,389.98,ATX,platinum,1000,Full
Apevia Prestige,66.98,ATX,gold,800,False
Phanteks Revolt Pro,129.99,ATX,gold,850,Full
EVGA SuperNOVA 650 G5,109.99,ATX,gold,650,Full
EVGA SuperNOVA 850 GM,148.99,SFX,gold,850,Full
Cooler Master V750 SFX GOLD,109.99,SFX,gold,750,Full
be quiet! Pure Power 12 M,128.5,ATX,gold,750,Full
Thermaltake Toughpower GF1 PE,109.99,ATX,gold,750,Full
SeaSonic FOCUS Plus 750 Gold,139.99,ATX,gold,750,Full
Corsair RM850e (2022),323.48,ATX,gold,850,Full
Corsair RM1000e (2022),249.99,ATX,gold,1000,Full
be quiet! Straight Power 11,174.9,ATX,platinum,850,Full
EVGA SuperNOVA 650 GM,120.0,SFX,gold,650,Full
EVGA 600 BR,93.78,ATX,bronze,600,False
Asus ROG LOKI,249.99,SFX,platinum,1000,Full
Asus ROG Strix,375.0,ATX,gold,850,Full
Raidmax Cobra,49.99,ATX,bronze,700,False
be quiet! Straight Power 11,249.9,ATX,platinum,1200,Full
SeaSonic PRIME TX,529.99,ATX,titanium,1600,Full
EVGA SuperNOVA 1600 G2,674.21,ATX,gold,1600,Full
be quiet! Pure Power 12 M,164.9,ATX,gold,1000,Full
Corsair RM650,215.98,ATX,gold,650,Full
Cooler Master MasterWatt,89.99,ATX,bronze,650,Semi
ADATA XPG CORE Reactor 850,119.99,ATX,gold,850,Full
SeaSonic FOCUS Plus Platinum,184.99,ATX,platinum,850,Full
Phanteks Revolt SFX,94.99,SFX,gold,650,Full
EVGA GE,89.99,ATX,gold,800,False
Super Flower Leadex III Gold,138.68,ATX,gold,750,Full
be quiet! Pure Power 12 M,99.0,ATX,gold,650,Full
Corsair RM750 (2019),249.95,ATX,gold,750,Full
Corsair RM1000x,246.89,ATX,gold,1000,Full
Asus ROG THOR P2 Gaming,379.99,ATX,platinum,1200,Full
Enermax REVOLUTION D.F. 2,109.99,ATX,gold,850,Full
EVGA GE,79.98,ATX,gold,700,False
SeaSonic PRIME PX-1300,330.0,ATX,platinum,1300,Full
NZXT C1200,219.99,ATX,gold,1200,Full
be quiet! Dark Power 13,289.89,ATX,titanium,1000,Full
SeaSonic VERTEX GX-1200,289.99,ATX,gold,1200,Full
SeaSonic FOCUS Plus Platinum,159.99,ATX,platinum,750,Full
Corsair RM750x White (2018),248.0,ATX,gold,750,Full
SeaSonic FOCUS GX,166.98,ATX,gold,850,Full
Asus TUF Gaming 850G,129.99,ATX,gold,850,Full
Corsair HX1000i (2022),357.99,ATX,platinum,1000,Full
Corsair SF600,239.0,SFX,platinum,600,Full
Thermaltake TOUGHPOWER GF A3,89.99,ATX,gold,750,Full
be quiet! Dark Power Pro 13,459.9,ATX,titanium,1600,Full
be quiet! Pure Power 12 M,134.9,ATX,gold,850,Full
SeaSonic FOCUS GX,145.98,ATX,gold,750,Full
EVGA 850 BQ,118.14,ATX,bronze,850,Semi
Cooler Master V850 SFX GOLD,129.99,SFX,gold,850,Full
EVGA 550 BP,59.99,ATX,bronze,550,False
EVGA SuperNOVA 1300 GT,219.99,ATX,gold,1300,Full
Asus ROG-STRIX-850G,178.63,ATX,gold,850,Full
Thermaltake Toughpower GF3 TT Premium,269.99,ATX,gold,1650,Full
EVGA GE,69.98,ATX,gold,500,False
Thermaltake Toughpower GF1 PE,119.98,ATX,gold,650,Full
Thermaltake Smart BX1,79.8,ATX,bronze,750,False
EVGA SuperNOVA 750 G5,144.98,ATX,gold,750,Full
EVGA SuperNOVA 1600 T2,499.99,ATX,titanium,1600,Full
Silverstone SFX,112.99,SFX,gold,500,Full
Super Flower Leadex V Pro,299.99,ATX,platinum,1000,Full
SeaSonic FOCUS GX,253.48,ATX,gold,1000,Full
Corsair SF850L,159.99,SFX,gold,850,Full
be quiet! System Power 10,181.81,ATX,gold,850,False
Silverstone SX1000-LPT,250.21,SFX,platinum,1000,Full
be quiet! System Power 10,101.48,ATX,bronze,450,False
be quiet! Straight Power 11 750W,135.99,ATX,gold,750,Full
be quiet! Dark Power 13,249.9,ATX,titanium,850,Full
Asus ROG Strix,292.0,ATX,gold,750,Full
Thermaltake Smart Pro RGB,119.57,ATX,bronze,750,Full
Apevia Signature,71.98,ATX,bronze,1050,Semi
Gigabyte P450B,89.98,ATX,bronze,450,False
Deepcool PM750D,97.99,ATX,gold,750,False
Fractal Design Ion Gold,209.0,ATX,gold,550,Full
EVGA SuperNOVA 1600 P+,304.99,ATX,platinum,1600,Full
Phanteks AMP v2,179.99,ATX,gold,1000,Full
Corsair CX450M (2015),136.79,ATX,bronze,450,Semi
EVGA SuperNOVA 850 P6,188.63,ATX,platinum,850,Full
EVGA SuperNOVA 850 T2,234.0,ATX,titanium,850,Full
Super Flower Leadex Titanium,799.99,ATX,titanium,1600,Full
Corsair HX750 Platinum,294.99,ATX,platinum,750,Full
Silverstone SFX,223.98,SFX,titanium,800,Full
Thermaltake Toughpower GF3 TT Premium,169.99,ATX,gold,1000,Full
be quiet! Pure Power 11,89.29,ATX,gold,400,False
Corsair CX750F,159.99,ATX,bronze,750,Full
Corsair RM850x (2018),187.99,ATX,gold,850,Full
SeaSonic FOCUS GX,132.98,ATX,gold,650,Full
Corsair RM750x (2018),186.95,ATX,gold,750,Full
EVGA 550 B5,79.98,ATX,bronze,550,Full
Deepcool PM850D,98.98,ATX,gold,850,False
EVGA 850 GQ,145.0,ATX,gold,850,Semi
GameMax RGB Rainbow,99.99,ATX,gold,850,Full
Thermaltake Toughpower GF1 ARGB,95.99,ATX,gold,650,Full
Gigabyte P550B,69.99,ATX,bronze,550,False
Phanteks Revolt SFX,104.99,SFX,gold,750,Full
Cooler Master V750 V2,159.99,ATX,gold,750,Full
be quiet! System Power 10,98.09,ATX,bronze,650,False
SeaSonic S12III,71.98,ATX,bronze,500,False
Corsair CX650M,224.95,ATX,bronze,650,Semi
SeaSonic VERTEX GX-1000,244.43,ATX,gold,1000,Full
NZXT C1000 (2022),219.67,ATX,gold,1000,Full
Corsair CX550F,136.79,ATX,bronze,550,Full
Deepcool PQ750M,109.99,ATX,gold,750,Full
Thermaltake Toughpower GF3 TT Premium,127.99,ATX,gold,850,Full
MSI MEG Ai1000P PCIE5,279.99,ATX,platinum,1000,Full
Gigabyte P650G (US),69.98,ATX,gold,650,False
EVGA SuperNOVA 1000 G6,231.99,ATX,gold,1000,Full
Super Flower Leadex V Platinum Pro,308.68,ATX,platinum,1000,Full
EVGA 850 B5,138.88,ATX,bronze,850,Full
be quiet! Dark Power Pro 13,419.9,ATX,titanium,1300,Full
be quiet! Straight Power 11,149.9,ATX,platinum,750,Full
Thermaltake Toughpower GF3 TT Premium,199.99,ATX,gold,1200,Full
Corsair RM750,244.95,ATX,gold,750,Full
be quiet! System Power 10,188.0,ATX,bronze,750,False
Thermaltake Toughpower GF1 Snow - TT Premium,122.99,ATX,gold,750,Full
be quiet! System Power 10,85.39,ATX,bronze,550,False
EVGA GE,69.98,ATX,gold,600,False
Silverstone Essential,105.92,ATX,bronze,550,False
SeaSonic FOCUS PX,190.98,ATX,platinum,850,Full
Corsair CX550 (2017),99.99,ATX,bronze,550,False
EVGA SuperNOVA 850 G6,159.99,ATX,gold,850,Full
Deepcool PQ1000M,159.99,ATX,gold,1000,Full
Corsair RM650 (2019),234.24,ATX,gold,650,Full
Lian Li SP850,140.96,SFX,gold,850,Full
Asus ROG LOKI,210.99,SFX,platinum,850,Full
Super Flower Leadex III ARGB,168.68,ATX,gold,650,Full
EVGA 750 GQ,148.26,ATX,gold,750,Semi
ADATA XPG CORE Reactor 650,99.99,ATX,gold,650,Full
EVGA 600 BQ,159.99,ATX,bronze,600,Semi
Asus TUF Gaming 750G,123.99,ATX,gold,750,Full
be quiet! System Power 9 500 CM,98.29,ATX,bronze,500,Semi
Corsair AX1200i,657.73,ATX,platinum,1200,Full
Thermaltake TOUGHPOWER GF A3,129.99,ATX,gold,850,Full
SeaSonic PRIME Ultra Titanium,338.98,ATX,titanium,1000,Full
be quiet! Pure Power 11,78.59,ATX,gold,500,False
Thermaltake TOUGHPOWER GF A3,159.99,ATX,gold,1050,Full
Super Flower Leadex III ARGB,199.99,ATX,gold,850,Full
ADATA XPG CORE Reactor 750,109.99,ATX,gold,750,Full
Cooler Master Elite V3,67.68,ATX,plus,600,False
be quiet! Pure Power 12 M,94.9,ATX,gold,550,Full
Gigabyte AORUS P GM,164.09,ATX,gold,750,Full
Thermaltake Smart RGB 230V,168.0,ATX,plus,500,False
Cooler Master V650 V2,134.99,ATX,gold,650,Full
Thermaltake Toughpower GX1,80.36,ATX,gold,600,False
SeaSonic FOCUS GX,176.61,ATX,gold,550,Full
Thermaltake Toughpower GF3 TT Premium,126.99,ATX,gold,750,Full
Corsair RM850,226.99,ATX,gold,850,Full
Corsair RM650x (2018),175.0,ATX,gold,650,Full
SeaSonic FOCUS,146.99,ATX,gold,850,Semi
Super Flower Leadex V Platinum Pro,249.99,ATX,platinum,850,Full
SeaSonic G12 GM,125.82,ATX,gold,650,Semi
EVGA SuperNOVA 850 G2,355.99,ATX,gold,850,Full
Thermaltake Toughpower GF3 TT Premium,241.21,ATX,gold,1350,Full
Thermaltake TOUGHPOWER GF A3,179.99,ATX,gold,1200,Full
Cooler Master MasterWatt 550,84.99,ATX,bronze,550,Semi
EVGA SuperNOVA 1000 G5,207.5,ATX,gold,1000,Full
FSP Group Hydro GE,109.99,ATX,gold,650,Full
be quiet! Pure Power 11 600,124.0,ATX,gold,600,Semi
EVGA SuperNOVA 1000 G+,317.0,ATX,gold,1000,Full
EVGA SuperNOVA 750 G6,139.28,ATX,gold,750,Full
FSP Group Hydro GE,89.99,ATX,gold,550,Full
EVGA SuperNOVA 650 P2,144.99,ATX,platinum,650,Full
Fractal Design Ion Gold,154.29,ATX,gold,850,Full
be quiet! Dark Power 13,209.9,ATX,titanium,750,Full
Apevia Prestige,74.98,ATX,gold,1000,False
Silverstone HELA 1200R,238.29,ATX,platinum,1200,Full
EVGA 650BP,74.99,ATX,bronze,650,False
EVGA 500 BQ,114.99,ATX,bronze,500,Semi
Corsair HX1000i,449.0,ATX,platinum,1000,Full
Super Flower Leadex Platinum SE,169.99,ATX,platinum,1200,Full
EVGA SuperNOVA 1000 P6,289.99,ATX,platinum,1000,Full
Corsair RM850x,188.87,ATX,gold,850,Full
SeaSonic PRIME Ultra Titanium,209.99,ATX,titanium,750,Full
Corsair HX1200i,639.0,ATX,platinum,1200,Full
EVGA SuperNOVA 850 G5,198.85,ATX,gold,850,Full
Cooler Master MWE Gold 1250 - V2,199.99,ATX,gold,1250,Full
Corsair RM850x (2018),285.0,ATX,gold,850,Full
Phanteks Revolt SFX,183.99,SFX,platinum,850,Full
Enermax REVOLUTION D.F. 2,129.99,ATX,gold,1050,Full
Cooler Master Elite 400 V3,53.21,ATX,plus,400,False
be quiet! SFX L Power,142.38,SFX,gold,500,Full
EVGA 750 BP,89.99,ATX,bronze,750,False
Corsair CX650F,169.99,ATX,bronze,650,Full
Corsair CX600,178.41,ATX,bronze,600,False
MSI MPG A750G PCIE5,139.99,ATX,gold,750,Full
Corsair SF450,229.99,SFX,gold,450,Full
be quiet! Straight Power 11 850W,158.99,ATX,gold,850,Full
SeaSonic PRIME TX,696.0,ATX,titanium,1300,Full
SeaSonic FOCUS Gold,99.99,ATX,gold,550,Semi
EVGA SuperNOVA 1600 G+,249.0,ATX,gold,1600,Full
FSP Group Hydro G Pro,223.72,ATX,gold,1000,Full
EVGA SuperNOVA 650 G6,110.0,ATX,gold,650,Full
EVGA SuperNOVA 650 P5,127.99,ATX,platinum,650,Full
Silverstone Strider Platinum S,216.63,ATX,platinum,1200,Full
ADATA XPG PYLON,126.49,ATX,bronze,650,False
GAMDIAS KRATOS M1 B,79.98,ATX,bronze,750,False
Gigabyte AORUS P1200W,292.98,ATX,platinum,1200,Full
Corsair RM750x,186.53,ATX,gold,750,Full
Corsair RM750,216.81,ATX,gold,750,Full
Enermax REVOLUTION D.F. 2,149.99,ATX,gold,1200,Full
Fractal Design Ion+ 2 Platinum,326.0,ATX,platinum,860,Full
SeaSonic FOCUS SGX (2021),169.99,SFX,gold,750,Full
SeaSonic G12 GM,131.01,ATX,gold,750,Semi
Corsair VS550 (2018),136.65,ATX,plus,550,False
Thermaltake Toughpower TF1 - TT Premium,399.95,ATX,titanium,1550,Full
Cougar POLAR,254.78,ATX,platinum,1200,Full
Asus ROG Strix,214.82,ATX,gold,650,Full
SeaSonic FOCUS SPX (2021),194.99,SFX,platinum,750,Full
Deepcool DQ750-M-V2L,109.99,ATX,gold,750,Full
Silverstone Extreme 850R Platinum,233.92,SFX,platinum,850,Full
SeaSonic PRIME TX-850,387.8,ATX,titanium,850,Full
be quiet! System Power 9 700 CM,163.41,ATX,bronze,700,Semi
Corsair CXM,170.99,ATX,bronze,750,Semi
Cooler Master V750 Gold i,129.99,ATX,gold,750,Full
be quiet! SFX L Power,128.58,SFX,gold,600,Full
SeaSonic FOCUS,165.69,ATX,platinum,550,Full
Thermaltake Toughpower Grand RGB,149.02,ATX,gold,850,Full
Silverstone FX350-G,91.36,Flex ATX,gold,350,False
be quiet! SFX Power 3 450,101.29,SFX,bronze,450,False
Silverstone Essential,74.98,ATX,gold,550,False
Corsair SF450,218.49,SFX,platinum,450,Full
Phanteks AMP v2,159.99,ATX,gold,1000,Full
EVGA SuperNOVA 1600 P2,304.99,ATX,platinum,1600,Full
Corsair CX550M,197.83,ATX,bronze,550,Semi
Asus ROG Strix,157.41,ATX,gold,550,Full
SeaSonic FOCUS Plus Platinum,149.98,ATX,platinum,650,Full
Asus TUF Gaming B,79.98,ATX,bronze,450,False
be quiet! Pure Power 11,88.59,ATX,gold,600,False
Cooler Master V SFX Platinum,279.99,SFX,platinum,1100,Full
Thermaltake Toughpower,108.99,ATX,gold,750,Semi
Corsair CX600M,179.99,ATX,bronze,600,Semi
Super Flower Leadex V Pro,249.99,ATX,gold,1000,Full
Corsair VS650 (2018),464.99,ATX,plus,650,False
Cooler Master G700,103.98,ATX,gold,700,False
EVGA SuperNOVA 1300 P+,357.68,ATX,platinum,1300,Full
SeaSonic PRIME PX,336.29,ATX,platinum,1000,Full
SeaSonic PRIME PX,414.99,ATX,platinum,1600,Full
Corsair CX750M V2 (2017 Edition),199.99,ATX,bronze,750,Semi
Vetroo GV1000,159.99,ATX,gold,1000,Full
SeaSonic VERTEX GX-850,219.99,ATX,gold,850,Full
Thermaltake Toughpower Grand RGB,130.99,ATX,gold,750,Full
Cooler Master G500,89.99,ATX,gold,500,False
Enermax Revolution D.F.,122.98,ATX,gold,650,Full
Corsair CX500,299.99,ATX,bronze,500,False
Super Flower Leadex III Super Pro,89.99,ATX,bronze,550,Full
Thermaltake Smart Pro RGB,106.28,ATX,bronze,650,Full
be quiet! System Power 9 CM,140.09,ATX,bronze,400,Semi
be quiet! Straight Power 11 550W,109.0,ATX,gold,550,Full
Deepcool PQ850M,130.98,ATX,gold,850,Full
SeaSonic CORE GM,144.99,ATX,gold,650,Semi
Super Flower Leadex III ARGB,178.68,ATX,gold,750,Full
Thermaltake Toughpower SFX,194.99,SFX,gold,850,Full
EVGA SuperNOVA 850 P5,184.99,ATX,platinum,850,Full
Cooler Master MWE Bronze,68.75,ATX,bronze,500,False
SeaSonic PRIME 1300 Gold,281.99,ATX,gold,1300,Full
be quiet! Pure Power 9 CM,105.39,ATX,bronze,600,Semi
Thermaltake Toughpower SFX 600W Gold,125.38,SFX,gold,600,Full
be quiet! System Power 9,114.11,ATX,bronze,600,False
Corsair RM850 (2019),219.0,ATX,gold,850,Full
FSP Group Hydro PTM PRO,267.99,ATX,platinum,1200,Full
Asus ROG THOR P2 Gaming EVA Edition,489.99,ATX,platinum,1000,Full
SeaSonic G12 GM,159.37,ATX,gold,850,Semi
Corsair TX750M Gold,262.43,ATX,gold,750,Semi
SeaSonic PRIME TX-750,210.99,ATX,titanium,750,Full
Silverstone DA750 Gold,155.88,ATX,gold,750,Full
Thermaltake Toughpower GF1 Snow - TT Premium,139.99,ATX,gold,850,Full
Corsair CX750F,219.99,ATX,bronze,750,Full
Silverstone ST85F-GS-V2,129.99,ATX,gold,850,Full
Silverstone HELA 850R,208.08,ATX,platinum,850,Full
Silverstone Strider Platinum,150.0,ATX,platinum,850,Full
Corsair CX650F,170.99,ATX,bronze,650,Full
Corsair RM850x White,339.99,ATX,gold,850,Full
be quiet! Pure Power 11 CM,114.89,ATX,gold,700,Semi
Deepcool DQ-M-V2L,153.38,ATX,gold,850,Full
EVGA SuperNOVA 550 GA,153.8,ATX,gold,550,Full
Deepcool PQ650M,103.99,ATX,gold,650,Full
Montech TITAN GOLD 1200W,209.99,ATX,gold,1200,Full
Vetroo GV1000,155.99,ATX,gold,1000,Full
Corsair VS450,399.99,ATX,plus,450,False
SeaSonic FOCUS,178.17,ATX,platinum,750,Full
Phanteks Revolt X,213.99,ATX,platinum,1000,Full
Asus ROG LOKI,198.68,SFX,platinum,750,Full
Antec High Current Gamer Gold,169.92,ATX,gold,750,Full
Thermaltake Toughpower SFX,152.51,SFX,gold,750,Full
Gigabyte UD1000GM PG5,270.39,ATX,gold,1000,Full
SHARKOON SilentStorm Cool Zero 650,141.69,ATX,gold,650,Full
Corsair HX850i,459.99,ATX,platinum,850,Full
Silverstone SX500-G,114.99,SFX,gold,500,Full
Silverstone SX700-PT,165.26,SFX,platinum,700,Full
Corsair CX500M,179.99,ATX,bronze,500,Semi
Asus TUF Gaming B,149.99,ATX,bronze,550,False
Deepcool DA600N,76.99,ATX,bronze,600,False
EVGA SuperNOVA 750 P2,229.99,ATX,platinum,750,Full
Cougar GEX,84.99,ATX,gold,650,Full
Cougar VTE,69.98,ATX,bronze,600,False
Corsair CX650 (2017),157.44,ATX,bronze,650,False
SeaSonic G12 GM,197.0,ATX,gold,550,Semi
EVGA 1000 GQ,325.98,ATX,gold,1000,Semi
EVGA 750 B5,144.99,ATX,bronze,750,Full
SeaSonic FOCUS,149.98,ATX,platinum,650,Full
Corsair RM650x,213.2,ATX,gold,650,Full
SeaSonic SSP-300SFG,89.99,SFX,gold,300,False
PowerSpec GFM,109.99,ATX,gold,750,Full
SeaSonic PRIME,315.0,ATX,gold,1000,Full
EVGA SuperNOVA 850 G+,249.99,ATX,gold,850,Full
FSP Group Dagger Pro,134.99,SFX,gold,650,Full
EVGA SuperNOVA 1300 G+,359.98,ATX,gold,1300,Full
SeaSonic FOCUS,137.98,ATX,gold,750,Semi
EVGA SuperNOVA 650 G7,129.99,ATX,gold,650,Full
Super Flower Leadex VI Platinum PRO,179.99,ATX,platinum,850,Full
Thermaltake Toughpower GF1 ARGB,207.61,ATX,gold,850,Full
GAMDIAS KRATOS P1 G,89.99,ATX,gold,750,False
Corsair TX850M Gold,316.77,ATX,gold,850,Semi
SeaSonic PRIME Fanless,298.98,ATX,titanium,700,Full
Cooler Master V850 Gold i,134.99,ATX,gold,850,Full
SeaSonic PRIME,189.99,ATX,gold,850,Full
Super Flower Leadex Platinum SE,149.99,ATX,platinum,1000,Full
NZXT E850,159.99,ATX,gold,850,Full
Super Flower Leadex Titanium,319.99,ATX,titanium,1000,Full
PowerSpec PS 650GSM,94.99,ATX,gold,650,Semi
Silverstone SST-TX300,74.98,TFX,bronze,300,False
Antec NeoECO Gold,228.0,ATX,gold,750,Full
Montech TITAN GOLD 1000W,189.92,ATX,gold,1000,Full
Thermaltake Smart RGB,97.21,ATX,plus,600,False
Silverstone Strider Platinum S,265.07,ATX,platinum,1000,Full
Silverstone Essential,94.99,ATX,gold,750,False
Corsair RM750x White,279.0,ATX,gold,750,Full
SeaSonic FOCUS Gold,137.98,ATX,gold,750,Semi
Silverstone SFX,94.16,SFX,bronze,450,False
EVGA SuperNOVA 1000 G3,379.99,ATX,gold,1000,Full
Deepcool DA700N,87.99,ATX,bronze,700,False
Super Flower LEADEX VII XG,154.99,ATX,gold,1000,Full
be quiet! Straight Power 11 1000W,302.0,ATX,gold,1000,Full
Corsair HX750,263.64,ATX,gold,750,Semi
Super Flower Leadex Platinum,134.99,ATX,platinum,850,Full
EVGA SuperNOVA 650 G+,174.94,ATX,gold,650,Full
Razer Katana Chroma,389.99,ATX,platinum,1200,Full
SeaSonic FOCUS Gold,125.82,ATX,gold,650,Semi
SeaSonic CORE GM,200.09,ATX,gold,500,Semi
SeaSonic PRIME PX,197.98,ATX,platinum,750,Full
Corsair HX750i,459.99,ATX,platinum,750,Full
Deepcool PX-G,208.68,ATX,gold,1000,Full
SeaSonic PRIME,221.19,ATX,gold,750,Full
Silverstone SFX,153.59,SFX,platinum,700,Full
Corsair RM1000,440.0,ATX,gold,1000,Full
SeaSonic FOCUS,127.98,ATX,gold,650,Semi
Cooler Master XG850 Plus,202.02,ATX,platinum,850,Full
Corsair CX450 (2017),119.99,ATX,bronze,450,False
Corsair AX760,699.99,ATX,platinum,760,Full
Super Flower Leadex III Gold,114.99,ATX,gold,650,Full
Antec EARTHWATTS GOLD PRO 650,120.01,ATX,gold,650,Semi
Silverstone SX650-G,132.24,SFX,gold,650,Full
Deepcool DA500,81.59,ATX,bronze,500,False
Corsair RM550x,229.99,ATX,gold,550,Full
SeaSonic PRIME PX-1600 ATX 3.0,509.99,ATX,platinum,1600,Full
Cougar VTE X2,82.98,ATX,plus,750,False
Silverstone Strider Platinum,129.99,ATX,platinum,650,Full
SHARKOON SilentStorm Cool Zero 750,153.79,ATX,gold,750,Full
Corsair RM650,193.41,ATX,gold,650,Full
Silverstone SX-G,145.26,SFX,gold,700,Full
FSP Group Dagger Pro,177.84,SFX,gold,850,Full
Apevia ATX-JP1000W,94.84,ATX,bronze,1000,False
Enermax Revolution D.F.,119.99,ATX,gold,750,Full
Silverstone Essential,119.99,ATX,gold,650,False
Super Flower LEADEX VII XG,139.99,ATX,gold,850,Full
be quiet! Straight Power 11,129.49,ATX,platinum,550,Full
Enermax Revolution D.F.,122.98,ATX,gold,850,Full
FSP Group FSP400-60FGGBA,109.99,Flex ATX,gold,400,False
ADATA XPG PYLON,522.0,ATX,bronze,750,False
SeaSonic FOCUS Plus 550 Gold,207.99,ATX,gold,550,Full
Razer Katana Chroma,335.99,ATX,platinum,850,Full
Cooler Master XG750 Plus,157.65,ATX,platinum,750,Full
Cougar BXM750,74.99,ATX,bronze,750,Semi
CoolMax ZX-500,67.29,ATX,plus,500,False
Silverstone Strider Titanium,329.99,ATX,titanium,1100,Full
Corsair AX850,499.99,ATX,titanium,850,Full
Deepcool PX-G,159.99,ATX,gold,850,Full
Corsair VS500,179.99,ATX,plus,500,False
Corsair AX850,498.4,ATX,gold,850,Full
ADATA XPG CYBERCORE,199.99,ATX,platinum,1300,Full
SeaSonic SSP-300SUG,91.0,Flex ATX,gold,300,False
Thermaltake Thermaltake TP-750M,108.99,ATX,gold,750,Semi
SeaSonic PRIME Ultra Platinum 1000,390.31,ATX,platinum,1000,Full
Cougar VTE X2,59.99,ATX,plus,600,False
Super Flower Leadex V Pro,249.99,ATX,gold,1000,Full
Thermaltake Smart BX1 RGB 650,137.75,ATX,bronze,650,False
Super Flower LEADEX VII XG,184.99,ATX,gold,1300,Full
SeaSonic PRIME Ultra Titanium,429.0,ATX,titanium,850,Full
SeaSonic S12III,194.39,ATX,bronze,550,False
NZXT C (2019),129.99,ATX,gold,750,Full
Silverstone Essential,100.87,ATX,bronze,750,False
SeaSonic S12II,262.43,ATX,bronze,520,False
FSP Group FSP300-60LG,148.02,Mini ITX,bronze,300,False
Super Flower Leadex Platinum SE,249.99,ATX,platinum,1000,Full
In Win P85,133.91,ATX,gold,850,Full
Super Flower Leadex Platinum,699.99,ATX,platinum,1600,Full
FSP Group Hyper M85+,86.14,ATX,bronze,650,Semi
Deepcool PX-G,239.99,ATX,gold,1200,Full
SeaSonic Prime Fanless PX-450,263.0,ATX,platinum,450,Full
Silverstone Strider,99.99,ATX,bronze,700,Full
SHARKOON SilentStorm,145.38,SFX,gold,500,Full
EVGA SuperNOVA 750 P6,184.38,ATX,platinum,750,Full
Xilence XP1050MR9,210.89,ATX,gold,1050,Full
Deepcool PM650D,108.28,ATX,gold,650,False
PC Power & Cooling Silencer,191.11,ATX,platinum,1050,Full
be quiet! Pure Power 10,150.0,ATX,silver,600,False
EVGA SuperNOVA 650 P6,159.99,ATX,platinum,650,Full
Silverstone Strider Platinum,143.99,ATX,platinum,750,Full
Enermax Platimax D.F.,199.99,ATX,platinum,1050,Full
ARESGAME AGS,90.99,ATX,gold,850,Semi
Fractal Design Anode Bronze,139.49,ATX,bronze,650,Semi
FSP Group Dagger Pro,159.99,SFX,gold,750,Full
SeaSonic PRIME Ultra Platinum 750,197.98,ATX,platinum,750,Full
LEPA MaxBron,93.68,ATX,bronze,1000,Semi
Corsair TX650,299.99,ATX,plus,650,False
Corsair HX1000,499.99,ATX,plus,1000,Semi
be quiet! Dark Power Pro 11,139.9,ATX,platinum,550,Semi
Cooler Master V1200,306.89,ATX,platinum,1200,Full
Silverstone Strider,114.99,ATX,gold,550,Full
Super Flower Leadex Titanium,239.99,ATX,titanium,850,Full
ADATA XPG CYBERCORE,229.99,ATX,platinum,1000,Full
be quiet! Dark Power Pro 11,159.9,ATX,platinum,650,Semi
SeaSonic Prime Fanless PX-500,290.0,ATX,platinum,500,Full
EVGA 610 BP,119.0,ATX,bronze,610,False
Silverstone TX700-G,184.75,TFX,gold,700,False
SHARKOON SilentStorm Cool Zero 850,257.0,ATX,gold,850,Full
Super Flower Leadex III Gold,104.99,ATX,gold,550,Full
PC Power & Cooling PM0600,99.99,ATX,bronze,600,Semi
be quiet! Straight Power 11 450W,307.17,ATX,gold,450,Full
Corsair TX850,499.99,ATX,plus,850,False
Antec Signature Platinum,284.99,ATX,platinum,1300,Full
NOX Hummer,85.14,ATX,bronze,650,Semi
Corsair CX430M,195.29,ATX,bronze,430,Semi
Thermaltake TOUGHPOWER PF1 ARGB,299.99,ATX,platinum,850,Full
Thermaltake Toughpower GF2 ARGB,158.99,ATX,gold,750,Full
Corsair CS450M,174.95,ATX,gold,450,Semi
Silverstone NJ700,315.52,ATX,titanium,700,Full
Corsair HX750,499.99,ATX,gold,750,Semi
Corsair RM550,299.99,ATX,gold,550,Full
Corsair TX850M,499.99,ATX,bronze,850,Semi
EVGA 710 BP,138.5,ATX,bronze,710,False
Antec EARTHWATTS GOLD PRO 750,180.63,ATX,gold,750,Semi
Antec VP PLUS,146.52,ATX,plus,650,False
Cooler Master V1300 Platinum,445.9,ATX,platinum,1300,Full
SeaSonic PRIME Ultra Gold 1000,379.99,ATX,gold,1000,Full
SeaSonic PRIME Ultra Gold 850,194.98,ATX,gold,850,Full
Corsair GS700,279.99,ATX,bronze,700,False
Silverstone TX300,63.29,TFX,bronze,300,False
Thermaltake Toughpower iRGB PLUS 750,219.99,ATX,gold,750,Full
Corsair TX750 V2,384.98,ATX,bronze,750,False
Rosewill Glacier 700M,134.99,ATX,bronze,700,Semi
Corsair TX550M,216.59,ATX,bronze,550,Semi
Corsair TX750M,499.99,ATX,bronze,750,Semi
Antec NeoECO,91.49,ATX,bronze,550,Semi
Rosewill HIVE,183.99,ATX,bronze,850,Full
LC-Power LC6560GP3 V2.3 230V,481.0,ATX,silver,560,False
Rosewill CFZ,99.9,ATX,bronze,750,Semi
Thermaltake German,124.0,ATX,plus,630,False
SHARKOON SilentStorm,89.59,SFX,bronze,450,False
Xilence XP750MR9,124.09,ATX,gold,750,Semi
In Win P65,124.0,ATX,gold,650,Full
Enermax Platimax,299.99,ATX,platinum,1350,Full
Cougar BXM850,114.98,ATX,bronze,850,Semi
Cooler Master MWE Gold 750,164.0,ATX,gold,750,False
Corsair VX550,215.63,ATX,plus,550,False
Corsair VS400,371.99,ATX,plus,400,False
Thermaltake Toughpower,263.99,ATX,gold,1200,Semi
Corsair G800,319.92,ATX,plus,800,False
Silverstone Strider,247.9,ATX,silver,1500,False
XFX TS,150.63,ATX,gold,550,False
Super Flower Leadex III Super Pro,139.99,ATX,bronze,850,Full
CoolMax ZX-600,78.18,ATX,plus,600,False
Silverstone Strider Platinum,155.97,ATX,platinum,550,Full
Xilence XP550R9,160.0,ATX,gold,550,False
Thermaltake Smart,196.82,ATX,bronze,750,Semi
Xilence XP1250MR9,253.39,ATX,gold,1250,Full
Cooler Master XG650 Plus,189.99,ATX,platinum,650,Full
EVGA 500 BT,118.4,ATX,bronze,500,False
PC Power & Cooling Silencer,263.89,ATX,platinum,1200,Full
Rosewill LEPTON 600,179.99,ATX,gold,600,Semi
Silverstone Essential,118.9,ATX,gold,750,Semi
Corsair G700,323.99,ATX,plus,700,False
SeaSonic SS-300ES Bronze,104.44,ATX,bronze,300,False
Corsair TX650M,299.99,ATX,bronze,650,Semi
Rosewill PHOTON-550,232.99,ATX,gold,550,Full
Enermax MAXREVO SLI,369.99,ATX,gold,1350,Full
Thermaltake Toughpower GF2 ARGB,139.99,ATX,gold,650,Full
In Win PB,150.0,ATX,gold,750,Full
Antec Basiq,200.0,ATX,plus,550,Semi
Rosewill Glacier 850M,281.39,ATX,bronze,850,Semi
SeaSonic PRIME Ultra Platinum 850,368.42,ATX,platinum,850,Full
SeaSonic SSP-300TBS,72.87,TFX,bronze,300,False
FSP Group FSP500-50FSPT,149.99,Flex ATX,platinum,500,False
CoolMax ZX-700,88.81,ATX,plus,700,False
Corsair TX850 V2,599.99,ATX,bronze,850,False
Athena Power APOLLO 600,196.21,SFX,bronze,600,False
SeaSonic SS-300TFX Bronze,56.83,TFX,bronze,300,False
Enermax MaxTytan,369.99,ATX,titanium,1050,Full
Athena Power AP-MFATX50P8,136.99,Flex ATX,silver,500,False
Athena Power AP-MFATX40P8,117.85,Flex ATX,bronze,400,False
Antec NeoECO V2,91.49,ATX,bronze,550,Semi
Silverstone SFX,73.98,SFX,bronze,300,False
Fractal Design Anode Bronze,194.0,ATX,bronze,550,Semi
Antec Earthwatts Green,108.11,ATX,plus,500,False
Antec True Power,286.81,ATX,bronze,850,Full
Fractal Design Anode Bronze,155.69,ATX,bronze,750,Semi
SeaSonic SS-850HT Silver,169.0,ATX,silver,850,False
Antec High Current Pro,269.0,ATX,platinum,1000,Full
Corsair TX750 V2,384.98,ATX,bronze,750,False
In Win IP-S300FF1-0,62.69,TFX,plus,300,False
SeaSonic SS-600ES,100.0,ATX,bronze,600,False
FSP Group FSP300-60LG-5K,153.74,Flex ATX,bronze,300,False
SeaSonic SS-400ET Bronze,98.0,ATX,bronze,400,False
Rosewill Green,80.0,ATX,plus,430,False
Corsair TX850 V2,599.99,ATX,bronze,850,False
Antec Earthwatts,124.98,ATX,bronze,500,False
Antec High Current Gamer,249.99,ATX,bronze,400,False
SeaSonic Platinum,128.04,ATX,bronze,600,False
FSP Group FSP300-60SGV,79.98,TFX,gold,300,False
